annotation_id	run_at	step
66f2a8bca4244f7aac22c8a238ff3084	2026-03-03 17:29:42	"FASTA index file /tmp/tmp.EBFBlquDc3/input.fna.fai created. Error parsing strand (?) from GFF line: NC_065013.1	RefSeq	mRNA	69258	138880	.	?	.	ID=rna-NQV55_pgp044;Parent=gene-NQV55_pgp044;Dbxref=GeneID:73918816;exception=trans-splicing;gbkey=mRNA;gene=rps12;locus_tag=NQV55_pgp044"
7d731b5794c8265d84ad74b302bfff63	2026-03-03 17:30:00	"FASTA index file /tmp/tmp.oTWFfyzOop/input.fna.fai created. Error parsing strand (?) from GFF line: NC_018041.1	RefSeq	mRNA	34289	504756	.	?	.	ID=rna-OOB38_mgp41;Parent=gene-OOB38_mgp41;Dbxref=GeneID:13080252;exception=trans-splicing;gbkey=mRNA;gene=ND1;locus_tag=OOB38_mgp41"
95bea752a7f21bb969b8a02d0ffe7455	2026-03-03 17:41:21	"FASTA index file /tmp/tmp.9o80fp7AtY/input.fna.fai created. Error parsing strand (?) from GFF line: NC_041110.1	RefSeq	mRNA	72136	142173	.	?	.	ID=rna-E2270_pgp043;Parent=gene-E2270_pgp043;Dbxref=GeneID:39333133;exception=trans-splicing;gbkey=mRNA;gene=rps12;locus_tag=E2270_pgp043"
b13e3fb8dfb9b01d820ed8d4b592aaa8	2026-03-03 17:47:21	"FASTA index file /tmp/tmp.re2lOzKL4y/input.fna.fai created. Error parsing strand (?) from GFF line: AP000423.1	DDBJ	gene	139856	140650	.	?	.	ID=gene-rps12-2;Name=rps12;gbkey=Gene;gene=rps12;gene_biotype=protein_coding;part=2"
4f4de0c89f194dec9af88a4d7dc301af	2026-03-03 17:29:49	"FASTA index file /tmp/tmp.WnN6kyJ9HU/input.fna.fai created. Error parsing strand (?) from GFF line: NC_045135.1	RefSeq	mRNA	178677	302942	.	?	.	ID=rna-GH805_mgp23;Parent=gene-GH805_mgp23;Dbxref=GeneID:42317413;exception=trans-splicing;gbkey=mRNA;gene=nad5;locus_tag=GH805_mgp23"
1dc6b15d84cf885e9e2cbeea2cbe9b51	2026-03-03 17:36:04	"FASTA index file /tmp/tmp.rmOZsSJYGL/input.fna.fai created. Error parsing strand (?) from GFF line: DF238762.1	DDBJ	CDS	72402	73123	.	?	2	ID=cds-GAQ93705.1;Parent=gene-KFL_018130300;Dbxref=NCBI_GP:GAQ93705.1;Name=GAQ93705.1;Note=prediction v1.10 kfl01813_0300%3B~psbAa%3B~trans-splicing of 5'psbAa exon and 3'psbA exon;exception=trans-splicing;gbkey=CDS;gene=psbAa;locus_tag=KFL_018130300;part=2;product=photosystem II protein D1 N-region;protein_id=GAQ93705.1;transl_table=11"
38707c57afe367fe535d255e094bc561	2026-03-03 17:29:26	"FASTA index file /tmp/tmp.9tgNAvNgje/input.fna.fai created. Error parsing strand (?) from GFF line: NC_024175.1	RefSeq	mRNA	65574	124667	.	?	.	ID=rna-GN06_pgp102;Parent=gene-GN06_pgp102;Dbxref=GeneID:19493596;exception=trans-splicing;gbkey=mRNA;gene=rps12;locus_tag=GN06_pgp102"
5135cedd9a963784704712e2179dbde2	2026-03-03 17:29:46	"FASTA index file /tmp/tmp.bC2U2VBApS/input.fna.fai created. Error parsing strand (?) from GFF line: NC_046789.1	RefSeq	mRNA	69384	138927	.	?	.	ID=rna-HGF93_pgp044;Parent=gene-HGF93_pgp044;Dbxref=GeneID:54108588;exception=trans-splicing;gbkey=mRNA;gene=rps12;locus_tag=HGF93_pgp044"
38e60c779c935d2cdafb93d467d7581d	2026-03-03 17:31:56	"FASTA index file /tmp/tmp.0ePEPvic4W/input.fna.fai created. Error parsing strand (?) from GFF line: NC_029641.1	RefSeq	mRNA	32174	253007	.	?	.	ID=rna-A0S16_gp28;Parent=gene-A0S16_gp28;Dbxref=GeneID:26974361;exception=trans-splicing;gbkey=mRNA;gene=nad5;locus_tag=A0S16_gp28"
9876e65983c6366217fe0a331ce7c974	2026-03-03 17:32:24	"FASTA index file /tmp/tmp.k23o6gZEfQ/input.fna.fai created. Error parsing strand (?) from GFF line: NC_011032.1	RefSeq	mRNA	66293	126358	.	?	.	ID=rna-BrdiC_p048;Parent=gene-BrdiC_p048;Dbxref=GeneID:6439783;exception=trans-splicing;gbkey=mRNA;gene=rps12;locus_tag=BrdiC_p048"
51c8187b216524305ba9c7d827952897	2026-03-03 17:40:07	"FASTA index file /tmp/tmp.jXrxcfWofr/input.fna.fai created. Error parsing strand (?) from GFF line: NC_005086.1	RefSeq	mRNA	76121	148927	.	?	.	ID=rna-AmtrCp046;Parent=gene-AmtrCp046;Dbxref=GeneID:2546505;exception=trans-splicing;gbkey=mRNA;gene=rps12;locus_tag=AmtrCp046"
b3fc3c34d7ea9ce55343c9c694f85fc9	2026-03-03 17:40:34	"FASTA index file /tmp/tmp.16vdusLYrg/input.fna.fai created. Error parsing strand (?) from GFF line: NC_031855.1	RefSeq	mRNA	73986	145700	.	?	.	ID=rna-BOP53_gp045;Parent=gene-BOP53_gp045;Dbxref=GeneID:30215239;exception=trans-splicing;gbkey=mRNA;gene=rps12;locus_tag=BOP53_gp045"
39923fad53c7d2e9b4f742112ef7cca8	2026-03-03 17:30:05	"FASTA index file /tmp/tmp.nBP7cYbYFh/input.fna.fai created. Error parsing strand (?) from GFF line: NC_051859.1	RefSeq	mRNA	731610	1967390	.	?	.	ID=rna-XM_001707761.2;Parent=gene-GL50803_0016806;Dbxref=GeneID:5700721,GenBank:XM_001707761.2;Name=XM_001707761.2;Note=This trans-spliced gene GL50803_0016806 has 2 parts distantly apart.;exception=trans-splicing;gbkey=mRNA;locus_tag=GL50803_0016806;orig_protein_id=gnl|WGS:AACB|GL50803_0016806;orig_transcript_id=gnl|WGS:AACB|GL50803_0016806;partial=true;product=putative RNA-dependent helicase p68;transcript_id=XM_001707761.2"
0095e778002aa959ea6c27f0f5467fa8	2026-03-03 17:29:10	"FASTA index file /tmp/tmp.yZPewsbV7S/input.fna.fai created. Error parsing strand (?) from GFF line: NC_016005.1	RefSeq	mRNA	85329	1376169	.	?	.	ID=rna-CusaM_p04;Parent=gene-CusaM_p04;Dbxref=GeneID:11123890;exception=trans-splicing%2C RNA editing;gbkey=mRNA;gene=nad1;locus_tag=CusaM_p04"
4cf7757c06aa952a55c9aafc76ed569d	2026-03-03 17:40:14	"FASTA index file /tmp/tmp.irRh37pZSj/input.fna.fai created. Error parsing strand (?) from GFF line: NC_008360.1	RefSeq	mRNA	153318	419084	.	?	.	ID=rna-SobioMp11;Parent=gene-SobioMp11;Dbxref=GeneID:4306039;exception=trans-splicing;gbkey=mRNA;gene=nad5;locus_tag=SobioMp11"
52d85ffad3e02ad3c2df594cc87677dd	2026-03-03 17:30:00	"FASTA index file /tmp/tmp.T2gpnwAI4j/input.fna.fai created. Error parsing strand (?) from GFF line: NC_008535.1	RefSeq	mRNA	70823	141714	.	?	.	ID=rna-CoarCp045;Parent=gene-CoarCp045;Dbxref=GeneID:4421763;exception=trans-splicing;gbkey=mRNA;gene=rps12;locus_tag=CoarCp045"
6c4f162ebdeb6621c761febf714aae6a	2026-03-03 17:31:11	"FASTA index file /tmp/tmp.EpQGg24FZT/input.fna.fai created. Error parsing strand (?) from GFF line: NC_042406.1	RefSeq	mRNA	130818	231692	.	?	.	ID=rna-FHM28_mgp27;Parent=gene-FHM28_mgp27;Dbxref=GeneID:40344400;exception=trans-splicing;gbkey=mRNA;gene=nad5;locus_tag=FHM28_mgp27"
98dc90c61fd7e9541b0d9456118b3476	2026-03-03 17:33:12	"FASTA index file /tmp/tmp.oxzxsjXlAh/input.fna.fai created. Error parsing strand (?) from GFF line: NC_008590.1	RefSeq	mRNA	67995	128276	.	?	.	ID=rna-HvsvCp046;Parent=gene-HvsvCp046;Dbxref=GeneID:4525103;exception=trans-splicing;gbkey=mRNA;gene=rps12;locus_tag=HvsvCp046"
6cab400d2deb0d374da4a4f3ad988b36	2026-03-03 17:29:42	"FASTA index file /tmp/tmp.rReLuR2FFw/input.fna.fai created. Error parsing strand (?) from GFF line: NC_028075.1	RefSeq	mRNA	68118	128519	.	?	.	ID=rna-APY47_gp043;Parent=gene-APY47_gp043;Dbxref=GeneID:26047844;exception=trans-splicing;gbkey=mRNA;gene=rps12;locus_tag=APY47_gp043"
cf1b272217040754465e7456d901e7d7	2026-03-03 17:31:38	"FASTA index file /tmp/tmp.mtHhQoBCkF/input.fna.fai created. Error parsing strand (?) from GFF line: NC_042378.1	RefSeq	mRNA	119185	238002	.	?	.	ID=rna-FHM29_mgp27;Parent=gene-FHM29_mgp27;Dbxref=GeneID:40341724;exception=trans-splicing;gbkey=mRNA;gene=nad5;locus_tag=FHM29_mgp27"
06616852c3a497677e4b1603286417a8	2026-03-03 17:29:09	"FASTA index file /tmp/tmp.0gNUlV1Xp4/input.fna.fai created. Error parsing strand (?) from GFF line: NC_016167.1	RefSeq	attenuator	11864	11880	.	?	.	ID=id-NC_016167.1:11864..11880;gbkey=regulatory;regulatory_class=attenuator"
99493af86b80c16006f79f49b18a1e73	2026-03-03 17:36:33	"FASTA index file /tmp/tmp.zfUtRblH70/input.fna.fai created. Error parsing strand (?) from GFF line: NC_016433.2	RefSeq	mRNA	71007	140481	.	?	.	ID=rna-SIC1570;Parent=gene-SIC1570;Dbxref=GeneID:11452437;exception=trans-splicing;gbkey=mRNA;gene=rps12;locus_tag=SIC1570"
b59378a962c7fbf9d085ed2364201829	2026-03-03 17:37:21	"FASTA index file /tmp/tmp.re8jZXdXxk/input.fna.fai created. Error parsing strand (?) from GFF line: NC_022868.1	RefSeq	mRNA	68177	138650	.	?	.	ID=rna-W848_p084;Parent=gene-W848_p084;Dbxref=GeneID:17675664;exception=trans-splicing;gbkey=mRNA;gene=rps12;locus_tag=W848_p084"
cf967e2be8d7f3b7f8d73c0dee03cd26	2026-03-03 17:39:08	"FASTA index file /tmp/tmp.DXXxpT8xKi/input.fna.fai created. Error parsing strand (?) from GFF line: NC_024624.1	RefSeq	mRNA	116759	375568	.	?	.	ID=rna-KY47_p146;Parent=gene-KY47_p146;Dbxref=GeneID:19988969;exception=trans-splicing;gbkey=mRNA;gene=nad2;locus_tag=KY47_p146"
1ff254abd89133b341e5d21813dd932e	2026-03-03 17:37:18	"FASTA index file /tmp/tmp.ffAmPqj8Ut/input.fna.fai created. Error parsing strand (?) from GFF line: NC_007602.1	RefSeq	mRNA	72052	142303	.	?	.	ID=rna-NitoCp056;Parent=gene-NitoCp056;Dbxref=GeneID:3776382;exception=trans-splicing;gbkey=mRNA;gene=rps12;locus_tag=NitoCp056"
9b3c46e5a40cd65e86c84dd760345998	2026-03-03 17:29:51	"FASTA index file /tmp/tmp.hz0lVQuewz/input.fna.fai created. Error parsing strand (?) from GFF line: NC_037913.1	RefSeq	mRNA	71658	150559	.	?	.	ID=rna-DR538_pgp041;Parent=gene-DR538_pgp041;Dbxref=GeneID:36951179;exception=trans-splicing;gbkey=mRNA;gene=rps12;locus_tag=DR538_pgp041"
6e28fe96590019c8d98642497793b929	2026-03-03 17:36:23	"FASTA index file /tmp/tmp.nO97qfeJJL/input.fna.fai created. Error parsing strand (?) from GFF line: NC_023798.1	RefSeq	mRNA	71309	143194	.	?	.	ID=rna-CP95_p043;Parent=gene-CP95_p043;Dbxref=GeneID:18668057;exception=trans-splicing;gbkey=mRNA;gene=rps12;locus_tag=CP95_p043"
b7288b8d40b938a44aad33ce57faca01	2026-03-03 17:38:15	"FASTA index file /tmp/tmp.FvDqO79CcT/input.fna.fai created. Error parsing strand (?) from GFF line: NC_035750.1	RefSeq	gene	130606	130837	.	?	.	ID=gene-CK855_pgp063;Dbxref=GeneID:33912221;Name=rps12;gbkey=Gene;gene=rps12;gene_biotype=protein_coding;is_ordered=true;locus_tag=CK855_pgp063;part=2;partial=true"
236b06060d1d4dd05a18d9c95ac5d1cc	2026-03-03 17:29:14	"FASTA index file /tmp/tmp.5Q8cqFgMx0/input.fna.fai created. Error parsing strand (?) from GFF line: NC_014676.2	RefSeq	mRNA	74579	146775	.	?	.	ID=rna-ThcaC_p044;Parent=gene-ThcaC_p044;Dbxref=GeneID:9978143;exception=trans-splicing;gbkey=mRNA;gene=rps12;locus_tag=ThcaC_p044"
3cb09c78765e8cd9489a82fb0c939d05	2026-03-03 17:29:40	"FASTA index file /tmp/tmp.OnDbvstrZ3/input.fna.fai created. Error parsing strand (?) from GFF line: NC_039680.1	RefSeq	mRNA	74649	147116	.	?	.	ID=rna-EFF16_pgp040;Parent=gene-EFF16_pgp040;Dbxref=GeneID:38346195;exception=trans-splicing;gbkey=mRNA;gene=rps12;locus_tag=EFF16_pgp040"
556b2ba195023929dec93abf52d52b3f	2026-03-03 17:29:59	"FASTA index file /tmp/tmp.VIlrclOqzr/input.fna.fai created. Error parsing strand (?) from GFF line: NC_034379.1	RefSeq	gene	140330	141124	.	?	.	ID=gene-B9N47_pgp046;Dbxref=GeneID:32283109;Name=rps12;gbkey=Gene;gene=rps12;gene_biotype=protein_coding;is_ordered=true;locus_tag=B9N47_pgp046;part=2;partial=true"
1a7f2ab1154d7653edf6b6c8032a53c6	2026-03-03 17:32:40	"FASTA index file /tmp/tmp.U0L08ZmMj8/input.fna.fai created. Error parsing strand (?) from GFF line: NC_006581.1	RefSeq	mRNA	76469	276938	.	?	.	ID=rna-NitaMp029;Parent=gene-NitaMp029;Dbxref=GeneID:3205197;exception=trans-splicing;gbkey=mRNA;gene=nad2;locus_tag=NitaMp029"
931fe55ba30f78cfb6d39f5630e4b297	2026-03-03 17:36:20	"FASTA index file /tmp/tmp.h2OBquBzAg/input.fna.fai created. Error parsing strand (?) from GFF line: NC_034696.1	RefSeq	mRNA	71304	143091	.	?	.	ID=rna-CCN91_pgp042;Parent=gene-CCN91_pgp042;Dbxref=GeneID:32882994;exception=trans-splicing;gbkey=mRNA;gene=rps12;locus_tag=CCN91_pgp042"
ae1cbbcb6786ca59e9821a26147e9577	2026-03-03 17:36:43	"FASTA index file /tmp/tmp.FW613nP0ho/input.fna.fai created. Error parsing strand (?) from GFF line: NC_014611.1	RefSeq	origin_of_replication	14975	15925	.	?	.	ID=id-NC_014611.1:14975..15925;Note=A+T rich region;direction=BOTH;gbkey=rep_origin"
24519f30f445df6ff68ef613319c74d4	2026-03-03 17:29:22	"FASTA index file /tmp/tmp.iMfPmHiOkS/input.fna.fai created. Error parsing strand (?) from GFF line: NC_012224.1	RefSeq	mRNA	75975	149570	.	?	.	ID=rna-JacuC_p044;Parent=gene-JacuC_p044;Dbxref=GeneID:7564758;exception=trans-splicing;gbkey=mRNA;gene=rps12;locus_tag=JacuC_p044"
f20880bf466e86f358a27055f89eefc3	2026-03-03 17:31:28	"FASTA index file /tmp/tmp.gjfOHDR4xD/input.fna.fai created. Error parsing strand (?) from GFF line: NC_037358.1	RefSeq	mRNA	70540	142158	.	?	.	ID=rna-DDI71_pgp042;Parent=gene-DDI71_pgp042;Dbxref=GeneID:36489186;exception=trans-splicing;gbkey=mRNA;gene=rps12;locus_tag=DDI71_pgp042"
3daaec01f57b8b0c0603df0c99c14bef	2026-03-03 17:29:44	"FASTA index file /tmp/tmp.BccHN0jSCa/input.fna.fai created. Error parsing strand (?) from GFF line: NC_045136.1	RefSeq	mRNA	12989	493512	.	?	.	ID=rna-GH804_mgp04;Parent=gene-GH804_mgp04;Dbxref=GeneID:42317544;exception=trans-splicing;gbkey=mRNA;gene=nad5;locus_tag=GH804_mgp04"
d5de098f15be468c58a6c541cf66d2cf	2026-03-03 17:30:28	"FASTA index file /tmp/tmp.F3Ire4S4a9/input.fna.fai created. Error parsing strand (?) from GFF line: AP025455.1	DDBJ	gene	1	854	.	?	.	ID=gene-Mp_Cg00010-2;Name=rps12;gbkey=Gene;gene=rps12;gene_biotype=protein_coding;is_ordered=true;locus_tag=Mp_Cg00010;part=2"
3e2571bcd5418fa93a82ab8c4ae61488	2026-03-03 17:33:09	"FASTA index file /tmp/tmp.dO1OSiZQbK/input.fna.fai created. Error parsing strand (?) from GFF line: NC_054204.1	RefSeq	mRNA	75748	147552	.	?	.	ID=rna-J6697_pgp041;Parent=gene-J6697_pgp041;Dbxref=GeneID:63648139;exception=trans-splicing;gbkey=mRNA;gene=rps12;locus_tag=J6697_pgp041"
f3510ec19046fcd2faa3eb31202d5037	2026-03-03 17:36:55	"FASTA index file /tmp/tmp.DM66wrRpjJ/input.fna.fai created. Error parsing strand (?) from GFF line: AP029598.1	DDBJ	gene	291613	293338	.	?	.	ID=gene-CerSpe_m000610;Name=nad1;gbkey=Gene;gene=nad1;gene_biotype=protein_coding;is_ordered=true;locus_tag=CerSpe_m000610;part=2"
3e3dd6d7f82384732510c14fd947ff63	2026-03-03 17:29:41	"FASTA index file /tmp/tmp.JXd1JWoMAv/input.fna.fai created. Error parsing strand (?) from GFF line: NC_065226.1	RefSeq	mRNA	108677	188612	.	?	.	ID=rna-NQY02_mgp29;Parent=gene-NQY02_mgp29;Dbxref=GeneID:73938917;exception=trans-splicing;gbkey=mRNA;gene=nad2;locus_tag=NQY02_mgp29"
58478172f273646183a4f279a064782a	2026-03-03 17:30:05	"FASTA index file /tmp/tmp.KjgyHn9fgt/input.fna.fai created. Error parsing strand (?) from GFF line: NC_030299.1	RefSeq	mRNA	74122	147576	.	?	.	ID=rna-A9277_gp044;Parent=gene-A9277_gp044;Dbxref=GeneID:27963873;exception=trans-splicing;gbkey=mRNA;gene=rps12;locus_tag=A9277_gp044"
bb3d380cc5525df85e20eab69135e70d	2026-03-03 17:34:39	"FASTA index file /tmp/tmp.zDawScMnH7/input.fna.fai created. Error parsing strand (?) from GFF line: NC_036100.1	RefSeq	mRNA	69801	139592	.	?	.	ID=rna-CSD74_pgp043;Parent=gene-CSD74_pgp043;Dbxref=GeneID:34730827;exception=trans-splicing;gbkey=mRNA;gene=rps12;locus_tag=CSD74_pgp043"
d6bb3d420f9abea2cc28ba5bbfedbd24	2026-03-03 17:35:17	"FASTA index file /tmp/tmp.u104IGXArp/input.fna.fai created. Error parsing strand (?) from GFF line: NC_030786.1	RefSeq	mRNA	72471	144176	.	?	.	ID=rna-BFS57_gp043;Parent=gene-BFS57_gp043;Dbxref=GeneID:28482494;exception=trans-splicing;gbkey=mRNA;gene=rps12;locus_tag=BFS57_gp043"
f410eebf2320fcbc380dfed3eb53198c	2026-03-03 17:36:16	"FASTA index file /tmp/tmp.a288n2hn4H/input.fna.fai created. Error parsing strand (?) from GFF line: NC_015990.1	RefSeq	mRNA	68593	129653	.	?	.	ID=rna-PVIS_g045;Parent=gene-PVIS_g045;Dbxref=GeneID:11123571;exception=trans-splicing;gbkey=mRNA;gene=rps12;locus_tag=PVIS_g045"
58ada538f32c9ca4e1ad4215ef150e46	2026-03-03 17:29:29	"FASTA index file /tmp/tmp.AR6pCrpwFn/input.fna.fai created. Error parsing strand (?) from GFF line: NC_018051.1	RefSeq	mRNA	69627	136745	.	?	.	ID=rna-A564_pgp043;Parent=gene-A564_pgp043;Dbxref=GeneID:13080450;exception=trans-splicing;gbkey=mRNA;gene=rps12;locus_tag=A564_pgp043"
af97a2ac8f123426390d3db3ae25f796	2026-03-03 17:31:49	"FASTA index file /tmp/tmp.LNnWaR2Ght/input.fna.fai created. Error parsing strand (?) from GFF line: NC_018554.1	RefSeq	mRNA	41783	121913	.	?	.	ID=rna-MRV66_mgp34;Parent=gene-MRV66_mgp34;Dbxref=GeneID:13630239;exception=trans-splicing;gbkey=mRNA;gene=nad5;locus_tag=MRV66_mgp34"
3fb99a037cf7f97c21d413beba34c29e	2026-03-03 17:29:47	"FASTA index file /tmp/tmp.hpgtJBkT4G/input.fna.fai created. Error parsing strand (?) from GFF line: NC_008096.2	RefSeq	sequence_feature	14302	14813	.	?	.	ID=id-NC_008096.2:14302..14813;Note=ars2;gbkey=misc_feature"
5918a004e928af995b559a02f60ba55b	2026-03-03 17:30:23	"FASTA index file /tmp/tmp.sMbU9ACxP4/input.fna.fai created. Error parsing strand (?) from GFF line: NC_034914.1	RefSeq	mRNA	71968	145241	.	?	.	ID=rna-CDD65_pgp040;Parent=gene-CDD65_pgp040;Dbxref=GeneID:32956828;exception=trans-splicing;gbkey=mRNA;gene=rps12;locus_tag=CDD65_pgp040"
9e431e794440c73d3f927b9ab926aa04	2026-03-03 17:32:35	"FASTA index file /tmp/tmp.KIV7UM94FJ/input.fna.fai created. Error parsing strand (?) from GFF line: NC_044775.1	RefSeq	mRNA	73009	148317	.	?	.	ID=rna-F6E76_pgp044;Parent=gene-F6E76_pgp044;Dbxref=GeneID:41826188;exception=trans-splicing;gbkey=mRNA;gene=rps12;locus_tag=F6E76_pgp044"
0bcad2a1a245b526b41fa2e749c1a4d4	2026-03-03 17:29:19	"FASTA index file /tmp/tmp.7pMa7oTsNh/input.fna.fai created. Error parsing strand (?) from GFF line: NC_026220.1	RefSeq	gene	144535	145333	.	?	.	ID=gene-TA56_p044;Dbxref=GeneID:22909434;Name=rps12;gbkey=Gene;gene=rps12;gene_biotype=protein_coding;is_ordered=true;locus_tag=TA56_p044;part=2;partial=true"
bce10cfb5eefa9ec34a8f04913ec4f64	2026-03-03 17:31:27	"FASTA index file /tmp/tmp.JzG2rzfnux/input.fna.fai created. Error parsing strand (?) from GFF line: NC_028035.1	RefSeq	origin_of_replication	5161	5192	.	?	.	ID=id-NC_028035.1:5161..5192;Note=putative light-strand replication origin;gbkey=rep_origin"
0be28e94803d2018350963a665e47226	2026-03-03 17:31:59	"FASTA index file /tmp/tmp.W9hW0t46D6/input.fna.fai created. Error parsing strand (?) from GFF line: NC_065361.1	RefSeq	mRNA	70269	140171	.	?	.	ID=rna-NQX89_pgp045;Parent=gene-NQX89_pgp045;Dbxref=GeneID:73952676;exception=trans-splicing;gbkey=mRNA;gene=rps12;locus_tag=NQX89_pgp045"
27fbfc513a2e7801a336c075ad7c0a14	2026-03-03 17:33:42	"FASTA index file /tmp/tmp.MY1TgWYTPI/input.fna.fai created. Error parsing strand (?) from GFF line: NC_066765.1	RefSeq	mRNA	69414	139359	.	?	.	ID=rna-ODF60_pgp046;Parent=gene-ODF60_pgp046;Dbxref=GeneID:75752564;exception=trans-splicing;gbkey=mRNA;gene=rps12;locus_tag=ODF60_pgp046"
bd4cfb3fa370044efa167dffc1ab329d	2026-03-03 17:35:39	"FASTA index file /tmp/tmp.vygM0kWeCl/input.fna.fai created. Error parsing strand (?) from GFF line: NC_046838.1	RefSeq	mRNA	68140	137726	.	?	.	ID=rna-HGF70_pgp040;Parent=gene-HGF70_pgp040;Dbxref=GeneID:54110995;exception=trans-splicing;gbkey=mRNA;gene=rps12;locus_tag=HGF70_pgp040"
d8097f8291f4e0cec82052d35221e43b	2026-03-03 17:36:15	"FASTA index file /tmp/tmp.2ESjYsnyDE/input.fna.fai created. Error parsing strand (?) from GFF line: NC_049133.1	RefSeq	mRNA	77605	149913	.	?	.	ID=rna-HXT83_pgp040;Parent=gene-HXT83_pgp040;Dbxref=GeneID:55764268;exception=trans-splicing;gbkey=mRNA;gene=rps12;locus_tag=HXT83_pgp040"
72ef1cec7c2bd2dbbaba3bcd51555a84	2026-03-03 17:30:09	"FASTA index file /tmp/tmp.w5QNqysRUe/input.fna.fai created. Error parsing strand (?) from GFF line: NC_046388.1	RefSeq	mRNA	75696	147814	.	?	.	ID=rna-HCS81_pgp044;Parent=gene-HCS81_pgp044;Dbxref=GeneID:44799747;exception=trans-splicing;gbkey=mRNA;gene=rps12;locus_tag=HCS81_pgp044"
8799d24f22f2bcfd4a97fdea7b8ad702	2026-03-03 17:30:37	"FASTA index file /tmp/tmp.e52acccVoS/input.fna.fai created. Error parsing strand (?) from GFF line: NC_009143.1	RefSeq	mRNA	70463	142717	.	?	.	ID=rna-Poptr_cp091;Parent=gene-Poptr_cp091;Dbxref=GeneID:4929696;exception=trans-splicing;gbkey=mRNA;gene=rps12;locus_tag=Poptr_cp091"
9ff772ce38e2ebf0f319e40e5801decb	2026-03-03 17:32:25	"FASTA index file /tmp/tmp.I2ScDVnOHW/input.fna.fai created. Error parsing strand (?) from GFF line: NC_042756.1	RefSeq	mRNA	119185	219853	.	?	.	ID=rna-FKU89_mgp27;Parent=gene-FKU89_mgp27;Dbxref=GeneID:40498719;exception=trans-splicing;gbkey=mRNA;gene=nad5;locus_tag=FKU89_mgp27"
be49e2292f880c113218ab1941932714	2026-03-03 17:31:03	"FASTA index file /tmp/tmp.ZKiScWAXLX/input.fna.fai created. Error parsing strand (?) from GFF line: NC_087060.1	RefSeq	mRNA	77230	219817	.	?	.	ID=rna-V9627_mgp28;Parent=gene-V9627_mgp28;Dbxref=GeneID:88614165;exception=trans-splicing;gbkey=mRNA;gene=nad2;locus_tag=V9627_mgp28"
f5c1be128773c87fb603420268213f79	2026-03-03 17:31:42	"FASTA index file /tmp/tmp.RXlMWht2kG/input.fna.fai created. Error parsing strand (?) from GFF line: NC_007898.3	RefSeq	mRNA	71636	142099	.	?	.	ID=rna-LyesC2p008;Parent=gene-LyesC2p008;Dbxref=GeneID:3950473;exception=trans-splicing;gbkey=mRNA;gene=rps12;locus_tag=LyesC2p008"
28e0e16c05bf5c50538d2708d0b43662	2026-03-03 17:32:42	"FASTA index file /tmp/tmp.FPrtlq7GNJ/input.fna.fai created. Error parsing strand (?) from GFF line: CM016926.1	Genbank	mRNA	1926137	1999447	.	?	.	ID=rna-GMRT_22684;Parent=gene-GMRT_22684;exception=trans-splicing;gbkey=mRNA;locus_tag=GMRT_22684;orig_protein_id=gnl|WGS:VDLU|GMRT_22684;orig_transcript_id=gnl|WGS:VDLU|GMRT_22684;product=putative RNA-dependent helicase p68"
f5cc77ff85f8b3708dc96391f2309fc3	2026-03-03 17:35:55	"FASTA index file /tmp/tmp.srU4B39i6p/input.fna.fai created. Error parsing strand (?) from GFF line: NC_042756.1	RefSeq	mRNA	119185	219853	.	?	.	ID=rna-FKU89_mgp27;Parent=gene-FKU89_mgp27;Dbxref=GeneID:40498719;exception=trans-splicing;gbkey=mRNA;gene=nad5;locus_tag=FKU89_mgp27"
2968d299a968196d127639e1630b51a2	2026-03-03 17:29:59	"FASTA index file /tmp/tmp.1zvAjSJSN3/input.fna.fai created. Error parsing strand (?) from GFF line: NC_024855.1	RefSeq	sequence_feature	14819	16108	.	?	.	ID=id-NC_024855.1:14819..16108;Note=control region;gbkey=misc_feature"
5bfefb4090cf119dd8a45933d9771986	2026-03-03 17:37:45	"FASTA index file /tmp/tmp.fmWyvTmkKE/input.fna.fai created. Error parsing strand (?) from GFF line: NC_022850.1	RefSeq	mRNA	66706	125915	.	?	.	ID=rna-W841_p001;Parent=gene-W841_p001;Dbxref=GeneID:19526812;exception=trans-splicing;gbkey=mRNA;gene=rps12;locus_tag=W841_p001"
f6832620d4e4cdaabf889b68a8a239a3	2026-03-03 17:39:16	"FASTA index file /tmp/tmp.C8nNsiVgIg/input.fna.fai created. Error parsing strand (?) from GFF line: NC_047337.1	RefSeq	mRNA	70376	142629	.	?	.	ID=rna-HJD64_pgp039;Parent=gene-HJD64_pgp039;Dbxref=GeneID:54695915;exception=trans-splicing;gbkey=mRNA;gene=rps12;locus_tag=HJD64_pgp039"
2a65e4bac7fc45cfeb5ac476725c86d0	2026-03-03 17:30:46	"FASTA index file /tmp/tmp.Syr9oueiuo/input.fna.fai created. Error parsing strand (?) from GFF line: NC_007944.1	RefSeq	mRNA	73894	146477	.	?	.	ID=rna-GohiCp045;Parent=gene-GohiCp045;Dbxref=GeneID:3989227;exception=trans-splicing;gbkey=mRNA;gene=rps12;locus_tag=GohiCp045"
f7aded4c10bbbf24915523d3da2ba055	2026-03-03 17:31:54	"FASTA index file /tmp/tmp.IfxpPy8L3l/input.fna.fai created. Error parsing strand (?) from GFF line: NC_013823.1	RefSeq	mRNA	74727	147140	.	?	.	ID=rna-TylaC_p045;Parent=gene-TylaC_p045;Dbxref=GeneID:8774521;exception=trans-splicing;gbkey=mRNA;gene=rps12;locus_tag=TylaC_p045"
74f91b13f520dfe7010d22cee6c0d83f	2026-03-03 17:39:24	"FASTA index file /tmp/tmp.iorq5rXpUs/input.fna.fai created. Error parsing strand (?) from GFF line: NC_058313.1	RefSeq	mRNA	119007	362586	.	?	.	ID=rna-LI410_mgp086;Parent=gene-LI410_mgp086;Dbxref=GeneID:68216281;exception=trans-splicing;gbkey=mRNA;gene=nad1;locus_tag=LI410_mgp086"
bfdb43b82830f600fa6b91ff8b0f284a	2026-03-03 17:40:50	"FASTA index file /tmp/tmp.HKVSsg91yw/input.fna.fai created. Error parsing strand (?) from GFF line: NC_015983.1	RefSeq	mRNA	71662	142688	.	?	.	ID=rna-CumesmeC_p045;Parent=gene-CumesmeC_p045;Dbxref=GeneID:11123111;exception=trans-splicing;gbkey=mRNA;gene=rps12;locus_tag=CumesmeC_p045"
d9e8a8f67f121b7e49a1edf3c9857c9b	2026-03-03 17:41:22	"FASTA index file /tmp/tmp.rbGyILI6vX/input.fna.fai created. Error parsing strand (?) from GFF line: NC_018551.1	RefSeq	mRNA	8423	113134	.	?	.	ID=rna-C327_mgp35;Parent=gene-C327_mgp35;Dbxref=GeneID:13630175;exception=trans-splicing;gbkey=mRNA;gene=nad5;locus_tag=C327_mgp35"
75807e8a2d8a4d8edaa80e02d2374b9b	2026-03-03 17:34:08	"FASTA index file /tmp/tmp.21EnycKVjF/input.fna.fai created. Error parsing strand (?) from GFF line: AE014297.3	Genbank	mRNA	21361398	21377399	.	?	.	ID=rna-CG32491-RZ;Parent=gene-Dmel_CG32491;Dbxref=FLYBASE:FBtr0084085,FLYBASE:FBgn0002781;Note=mod(mdg4)-RZ%3B CG32491-RZ%3B Dmel\mod(mdg4)-RZ%3B Dmel\CG32491-RZ;exception=trans-splicing;gbkey=mRNA;gene=mod(mdg4);locus_tag=Dmel_CG32491;orig_protein_id=gnl|FlyBase|CG32491-PZ|gb|AAO41581;orig_transcript_id=gnl|FlyBase|CG32491-RZ;product=modifier of mdg4%2C transcript variant Z"
a288d8ef85e09e6cd46e568935ddf13f	2026-03-03 17:38:32	"FASTA index file /tmp/tmp.yHAVrbUbxA/input.fna.fai created. Error parsing strand (?) from GFF line: NC_015308.1	RefSeq	mRNA	74171	147212	.	?	.	ID=rna-HebrCp127;Parent=gene-HebrCp127;Dbxref=GeneID:10351928;exception=trans-splicing;gbkey=mRNA;gene=rps12;locus_tag=HebrCp127"
102e937461388a6de977555f25707226	2026-03-03 17:31:42	"FASTA index file /tmp/tmp.VKl3eLd9kF/input.fna.fai created. Error parsing strand (?) from GFF line: NC_024747.1	RefSeq	mRNA	70288	142451	.	?	.	ID=rna-KQ03_p043;Parent=gene-KQ03_p043;Dbxref=GeneID:20160470;exception=trans-splicing;gbkey=mRNA;gene=rps12;locus_tag=KQ03_p043"
db7c303e3c0d5e6e51fef5927e70eba9	2026-03-03 17:33:26	"FASTA index file /tmp/tmp.97X5daq2YM/input.fna.fai created. Error parsing strand (?) from GFF line: NC_026909.1	RefSeq	mRNA	74561	147009	.	?	.	ID=rna-YB87_gp035;Parent=gene-YB87_gp035;Dbxref=GeneID:24143730;exception=trans-splicing;gbkey=mRNA;gene=rps12;locus_tag=YB87_gp035"
43dda29b8558bd404d704626358b788c	2026-03-03 17:29:49	"FASTA index file /tmp/tmp.3jsqf22kej/input.fna.fai created. Error parsing strand (?) from GFF line: NC_069828.1	RefSeq	mRNA	70176	140082	.	?	.	ID=rna-PNZ16_pgp043;Parent=gene-PNZ16_pgp043;Dbxref=GeneID:77637865;exception=trans-splicing;gbkey=mRNA;gene=rps12;locus_tag=PNZ16_pgp043"
dc5fddb6148e10311b35e4cd5c210dfa	2026-03-03 17:30:48	"FASTA index file /tmp/tmp.ttgG3cOp0h/input.fna.fai created. Error parsing strand (?) from GFF line: NC_028617.1	RefSeq	mRNA	75441	147083	.	?	.	ID=rna-AT063_gp042;Parent=gene-AT063_gp042;Dbxref=GeneID:26380841;exception=trans-splicing;gbkey=mRNA;gene=rps12;locus_tag=AT063_gp042"
5d3df30bfb716926b5c6ee9d4fb4ae74	2026-03-03 17:30:02	"FASTA index file /tmp/tmp.PvFcdq2e2z/input.fna.fai created. Error parsing strand (?) from GFF line: NC_012119.1	RefSeq	mRNA	21504	610858	.	?	.	ID=rna-ViviM_p002;Parent=gene-ViviM_p002;Dbxref=GeneID:7498511;exception=trans-splicing;gbkey=mRNA;gene=nad1;locus_tag=ViviM_p002"
a3fd9af8638dcad6953f1cd7cba62078	2026-03-03 17:30:50	"FASTA index file /tmp/tmp.Ud3wUxj6iw/input.fna.fai created. Error parsing strand (?) from GFF line: NC_031158.1	RefSeq	gene	80124	80145	.	?	.	ID=gene-IPN_mp38;Dbxref=GeneID:29082041;Name=nad5;gbkey=Gene;gene=nad5;gene_biotype=protein_coding;is_ordered=true;locus_tag=IPN_mp38;part=3;partial=true;start_range=.,55949"
7736b96d9cf4b697b9de2e04f6d92c8d	2026-03-03 17:35:37	"FASTA index file /tmp/tmp.GGGPjCSZg3/input.fna.fai created. Error parsing strand (?) from GFF line: NC_021762.1	RefSeq	mRNA	102764	115773	.	?	.	ID=rna-N245_p11;Parent=gene-N245_p11;Dbxref=GeneID:16792923;exception=trans-splicing;gbkey=mRNA;gene=ndhH;locus_tag=N245_p11"
2c3a43999d5adaa3a4c5e27580c8ae85	2026-03-03 17:32:25	"FASTA index file /tmp/tmp.6fk6pM0tEo/input.fna.fai created. Error parsing strand (?) from GFF line: NC_050986.1	RefSeq	mRNA	73927	146094	.	?	.	ID=rna-IQQ50_pgp043;Parent=gene-IQQ50_pgp043;Dbxref=GeneID:59450193;exception=trans-splicing;gbkey=mRNA;gene=rps12;locus_tag=IQQ50_pgp043"
a55175ce1c176c93e303d445f369835f	2026-03-03 17:36:48	"FASTA index file /tmp/tmp.Vwyrcyrog9/input.fna.fai created. Error parsing strand (?) from GFF line: NC_041632.1	RefSeq	mRNA	71702	142126	.	?	.	ID=rna-E6T19_pgp040;Parent=gene-E6T19_pgp040;Dbxref=GeneID:39720498;exception=trans-splicing;gbkey=mRNA;gene=rps12;locus_tag=E6T19_pgp040"
780d3d5c675ef746364654fefcc4f6ff	2026-03-03 17:32:06	"FASTA index file /tmp/tmp.yWNMvcSF0c/input.fna.fai created. Error parsing strand (?) from GFF line: NC_029434.1	RefSeq	mRNA	68644	139061	.	?	.	ID=rna-AZ395_gp042;Parent=gene-AZ395_gp042;Dbxref=GeneID:26895727;exception=trans-splicing;gbkey=mRNA;gene=rps12;locus_tag=AZ395_gp042"
78c67264442bf4661e2e8acfb7d54ee7	2026-03-03 17:31:11	"FASTA index file /tmp/tmp.daF5kHRxqd/input.fna.fai created. Error parsing strand (?) from GFF line: NC_012116.1	RefSeq	mRNA	77423	342315	.	?	.	ID=rna-CapaM_p08;Parent=gene-CapaM_p08;Dbxref=GeneID:7441424;exception=trans-splicing;gbkey=mRNA;gene=nad5;locus_tag=CapaM_p08"
8ba2237e81748d652c7ffb983b8ed62c	2026-03-03 17:32:13	"FASTA index file /tmp/tmp.Cznd1b21N4/input.fna.fai created. Error parsing strand (?) from GFF line: NC_017602.1	RefSeq	mRNA	70622	142771	.	?	.	ID=rna-ElguCp127;Parent=gene-ElguCp127;Dbxref=GeneID:12079414;exception=trans-splicing;gbkey=mRNA;gene=rps12;locus_tag=ElguCp127"
7971b50c1ac212e9b2d429ab954ac9a5	2026-03-03 17:31:38	"FASTA index file /tmp/tmp.ZLsjdo80e3/input.fna.fai created. Error parsing strand (?) from GFF line: NC_008334.1	RefSeq	mRNA	73845	145745	.	?	.	ID=rna-CisiCp045;Parent=gene-CisiCp045;Dbxref=GeneID:4271160;exception=trans-splicing;gbkey=mRNA;gene=rps12;locus_tag=CisiCp045"
8bbe81a039230fe18fb8f70c38cbc93e	2026-03-03 17:33:32	"FASTA index file /tmp/tmp.ZNmg4PPEDq/input.fna.fai created. Error parsing strand (?) from GFF line: NC_086732.1	RefSeq	mRNA	35572	165270	.	?	.	ID=rna-HJF84_mgp33;Parent=gene-HJF84_mgp33;Dbxref=GeneID:88583263;exception=trans-splicing;gbkey=mRNA;gene=nad1;locus_tag=HJF84_mgp33"
c273e0aa0b7d290d2544b2e83321034b	2026-03-03 17:34:13	"FASTA index file /tmp/tmp.S0pm855fw3/input.fna.fai created. Error parsing strand (?) from GFF line: NC_036413.1	RefSeq	gene	139237	139479	.	?	.	ID=gene-CXG35_pgp043;Dbxref=GeneID:35116337;Name=rps12;exception=trans-splicing;gbkey=Gene;gene=rps12;gene_biotype=protein_coding;locus_tag=CXG35_pgp043;part=2"
478a99a1c883a733f0bbb8f0df8928dc	2026-03-03 17:29:50	"FASTA index file /tmp/tmp.siv8IaMG2F/input.fna.fai created. Error parsing strand (?) from GFF line: NC_042886.1	RefSeq	mRNA	72480	145221	.	?	.	ID=rna-FKT97_pgp043;Parent=gene-FKT97_pgp043;Dbxref=GeneID:40506976;exception=trans-splicing;gbkey=mRNA;gene=rps12;locus_tag=FKT97_pgp043"
79f94bcab57e51280ac3b6752344f2ab	2026-03-03 17:31:20	"FASTA index file /tmp/tmp.FMfgcvKAT5/input.fna.fai created. Error parsing strand (?) from GFF line: NC_014854.1	RefSeq	sequence_feature	13524	14699	.	?	.	ID=id-NC_014854.1:13524..14699;gbkey=misc_feature;product=control region"
1427570cd934532c37c4878ed74bc0f5	2026-03-03 17:35:50	"FASTA index file /tmp/tmp.xLM8FD9pg6/input.fna.fai created. Error parsing strand (?) from GFF line: NC_050901.1	RefSeq	mRNA	68105	137319	.	?	.	ID=rna-IQG92_pgp042;Parent=gene-IQG92_pgp042;Dbxref=GeneID:59436078;exception=trans-splicing;gbkey=mRNA;gene=rps12;locus_tag=IQG92_pgp042"
2dc98daa9db912d0a0f778fb8054ac31	2026-03-03 17:36:27	"FASTA index file /tmp/tmp.Hx4NWXxJXL/input.fna.fai created. Error parsing strand (?) from GFF line: NC_016740.1	RefSeq	mRNA	449844	561779	.	?	.	ID=rna-KEH32_p17;Parent=gene-KEH32_p17;Dbxref=GeneID:11542550;exception=trans-splicing;gbkey=mRNA;gene=nad5;locus_tag=KEH32_p17"
fd947d459c84792bde2c7c8464262415	2026-03-03 17:34:13	"FASTA index file /tmp/tmp.T6XrNueDZ8/input.fna.fai created. Error parsing strand (?) from GFF line: NC_015121.1	RefSeq	mRNA	93902	194064	.	?	.	ID=rna-ViraM_p09;Parent=gene-ViraM_p09;Dbxref=GeneID:10215503;exception=trans-splicing;gbkey=mRNA;gene=nad2;locus_tag=ViraM_p09"
1549fc123114eaa1cb6152316b37fb44	2026-03-03 17:35:13	"FASTA index file /tmp/tmp.h1dJ6m3DvQ/input.fna.fai created. Error parsing strand (?) from GFF line: NC_023209.1	RefSeq	mRNA	66725	274907	.	?	.	ID=rna-Salmi_Mp024;Parent=gene-Salmi_Mp024;Dbxref=GeneID:18126413;exception=trans-splicing;gbkey=mRNA;gene=nad2;locus_tag=Salmi_Mp024"
8f5a6a13548071047bb7ab2ef66629e5	2026-03-03 17:36:57	"FASTA index file /tmp/tmp.1FHKbltsyM/input.fna.fai created. Error parsing strand (?) from GFF line: NC_024170.1	RefSeq	mRNA	71111	141662	.	?	.	ID=rna-GN03_p041;Parent=gene-GN03_p041;Dbxref=GeneID:19493324;exception=trans-splicing;gbkey=mRNA;gene=rps12;locus_tag=GN03_p041"
a7dbd920cb3da272edc9555b3352d1fc	2026-03-03 17:37:36	"FASTA index file /tmp/tmp.1XzUg3PIMY/input.fna.fai created. Error parsing strand (?) from GFF line: NC_025288.1	RefSeq	mRNA	73498	145960	.	?	.	ID=rna-NX54_p044;Parent=gene-NX54_p044;Dbxref=GeneID:20832724;exception=trans-splicing;gbkey=mRNA;gene=rps12;locus_tag=NX54_p044"
fe279592c1e3df52d00e879993831ff0	2026-03-03 17:38:16	"FASTA index file /tmp/tmp.C9WJUc2uFJ/input.fna.fai created. Error parsing strand (?) from GFF line: NC_048499.1	RefSeq	mRNA	47121	279475	.	?	.	ID=rna-HJE17_mgp38;Parent=gene-HJE17_mgp38;Dbxref=GeneID:55290668;exception=trans-splicing;gbkey=mRNA;gene=nad5;locus_tag=HJE17_mgp38"
01ec1f31cef774bdc361c80367107fe7	2026-03-03 17:29:54	"FASTA index file /tmp/tmp.6xDstBFs8z/input.fna.fai created. Error parsing strand (?) from GFF line: NC_037361.1	RefSeq	mRNA	69767	137752	.	?	.	ID=rna-DDH38_pgp047;Parent=gene-DDH38_pgp047;Dbxref=GeneID:40120697;exception=trans-splicing;gbkey=mRNA;gene=rps12;locus_tag=DDH38_pgp047"
8fd47058e2219636c91f45c69ea76ebd	2026-03-03 17:42:45	"FASTA index file /tmp/tmp.u1ZneDffMy/input.fna.fai created. Error parsing strand (?) from GFF line: NC_030596.1	RefSeq	mRNA	67311	126742	.	?	.	ID=rna-BBW32_gp040;Parent=gene-BBW32_gp040;Dbxref=GeneID:33018071;exception=trans-splicing;gbkey=mRNA;gene=rps12;locus_tag=BBW32_gp040"
c4783d8442fd52787d3715a5c53c3cb3	2026-03-03 17:36:33	"FASTA index file /tmp/tmp.TBGHhJLMNe/input.fna.fai created. Error parsing strand (?) from GFF line: NC_029805.1	RefSeq	mRNA	76469	276938	.	?	.	ID=rna-A4U62_gp32;Parent=gene-A4U62_gp32;Dbxref=GeneID:27214829;exception=trans-splicing;gbkey=mRNA;gene=nad2;locus_tag=A4U62_gp32"
7b7f87e7b5dd205b4fe6dbce36194f44	2026-03-03 17:37:14	"FASTA index file /tmp/tmp.Kckckx64ko/input.fna.fai created. Error parsing strand (?) from GFF line: NC_035240.1	RefSeq	gene	145034	145837	.	?	.	ID=gene-CGW82_pgp039;Dbxref=GeneID:33351925;Name=rps12;exception=trans-splicing;gbkey=Gene;gene=rps12;gene_biotype=protein_coding;locus_tag=CGW82_pgp039;part=2"
908dff0d750ec60c97fe742418965157	2026-03-03 17:38:09	"FASTA index file /tmp/tmp.8ldybkV59J/input.fna.fai created. Error parsing strand (?) from GFF line: NC_034949.1	RefSeq	mRNA	68965	139641	.	?	.	ID=rna-CDC77_pgp040;Parent=gene-CDC77_pgp040;Dbxref=GeneID:32958967;exception=trans-splicing;gbkey=mRNA;gene=rps12;locus_tag=CDC77_pgp040"
aa56c40c6fde71ce995b31362ad21d58	2026-03-03 17:38:31	"FASTA index file /tmp/tmp.f7Bjlo0w1y/input.fna.fai created. Error parsing strand (?) from GFF line: NC_022451.2	RefSeq	mRNA	68241	137180	.	?	.	ID=rna-Q730_p001;Parent=gene-Q730_p001;Dbxref=GeneID:17097737;exception=trans-splicing;gbkey=mRNA;gene=rps12;locus_tag=Q730_p001"
7bb07c4a9a306454b9ff5cc9480b18df	2026-03-03 17:38:36	"FASTA index file /tmp/tmp.15LeKiLOFw/input.fna.fai created. Error parsing strand (?) from GFF line: NC_017609.1	RefSeq	mRNA	70810	134663	.	?	.	ID=rna-PHEQC_p045;Parent=gene-PHEQC_p045;Dbxref=GeneID:12079614;exception=trans-splicing;gbkey=mRNA;gene=rps12;locus_tag=PHEQC_p045"
ffb6fd2d85438c4d087401d413a33a1b	2026-03-03 17:46:12	"FASTA index file /tmp/tmp.eyMlL8w9g7/input.fna.fai created. Error parsing strand (?) from GFF line: NC_036024.1	RefSeq	mRNA	43010	296069	.	?	.	ID=rna-CRD53_mgp34;Parent=gene-CRD53_mgp34;Dbxref=GeneID:34688745;exception=trans-splicing;gbkey=mRNA;gene=nad5;locus_tag=CRD53_mgp34"
910646b40edb77d769da93b5cd33874f	2026-03-03 17:37:43	"FASTA index file /tmp/tmp.YMv9sM2R9u/input.fna.fai created. Error parsing strand (?) from GFF line: NC_041607.1	RefSeq	mRNA	71679	142139	.	?	.	ID=rna-E6S78_pgp040;Parent=gene-E6S78_pgp040;Dbxref=GeneID:39717251;exception=trans-splicing;gbkey=mRNA;gene=rps12;locus_tag=E6S78_pgp040"
e2b17df3448d9b6723794dcc8f94349e	2026-03-03 17:38:24	"FASTA index file /tmp/tmp.mLpz7xIXqF/input.fna.fai created. Error parsing strand (?) from GFF line: NC_016118.1	RefSeq	mRNA	26567	364153	.	?	.	ID=rna-E2237_mgp03;Parent=gene-E2237_mgp03;Dbxref=GeneID:11271778;exception=trans-splicing%2C RNA editing;gbkey=mRNA;gene=nad1;locus_tag=E2237_mgp03"
178703f4361c262630d6afbf095afd5d	2026-03-03 17:28:59	"FASTA index file /tmp/tmp.I6fEVTV4bU/input.fna.fai created. Error parsing strand (?) from GFF line: CM018792.1	Genbank	mRNA	731610	1967390	.	?	.	ID=rna-GL50803_0016806;Parent=gene-GL50803_0016806;Note=This trans-spliced gene GL50803_0016806 has 2 parts distantly apart.;exception=trans-splicing;gbkey=mRNA;locus_tag=GL50803_0016806;orig_protein_id=gnl|WGS:AACB|GL50803_0016806;orig_transcript_id=gnl|WGS:AACB|GL50803_0016806;product=putative RNA-dependent helicase p68"
91f55dd9fb2dc103dc12819db3ba7071	2026-03-03 17:32:13	"FASTA index file /tmp/tmp.fy4HSiLEp7/input.fna.fai created. Error parsing strand (?) from GFF line: NT_033777.3	RefSeq	mRNA	21360390	21377399	.	?	.	ID=rna-NM_176521.1;Parent=gene-Dmel_CG32491;Dbxref=FLYBASE:FBtr0084079,GeneID:49228,GenBank:NM_176521.1,FLYBASE:FBgn0002781;Name=NM_176521.1;Note=mod(mdg4)-RT%3B CG32491-RT%3B Dmel\mod(mdg4)-RT%3B Dmel\CG32491-RT;exception=trans-splicing;gbkey=mRNA;gene=mod(mdg4);locus_tag=Dmel_CG32491;orig_protein_id=gnl|FlyBase|CG32491-PT|gb|AAO41580;orig_transcript_id=gnl|FlyBase|CG32491-RT;product=modifier of mdg4%2C transcript variant T;transcript_id=NM_176521.1"
ac590c859ff0dc1c3be1a2c6d3444802	2026-03-03 17:32:51	"FASTA index file /tmp/tmp.GHQVHVKJEM/input.fna.fai created. Error parsing strand (?) from GFF line: NC_035618.1	RefSeq	mRNA	24973	288054	.	?	.	ID=rna-CKM21_mgp29;Parent=gene-CKM21_mgp29;Dbxref=GeneID:33876624;exception=trans-splicing;gbkey=mRNA;gene=nad5;locus_tag=CKM21_mgp29"
c638db37a567d1043bdbeae997f5ea7a	2026-03-03 17:34:45	"FASTA index file /tmp/tmp.URp6WpsmYT/input.fna.fai created. Error parsing strand (?) from GFF line: NC_022133.1	RefSeq	mRNA	101106	114112	.	?	.	ID=rna-P217_p010;Parent=gene-P217_p010;Dbxref=GeneID:16693691;exception=trans-splicing;gbkey=mRNA;gene=ndhH;locus_tag=P217_p010"
33c474e4d83a042e87a120126b5d8a88	2026-03-03 17:31:45	"FASTA index file /tmp/tmp.DUwvjmHfcE/input.fna.fai created. Error parsing strand (?) from GFF line: NC_014697.1	RefSeq	mRNA	71346	143783	.	?	.	ID=rna-PrpeC_p045;Parent=gene-PrpeC_p045;Dbxref=GeneID:9978751;exception=trans-splicing;gbkey=mRNA;gene=rps12;locus_tag=PrpeC_p045"
191a853fc0edcbfdc2bfb10fd2649151	2026-03-03 17:38:24	"FASTA index file /tmp/tmp.Pz32h0Bbp5/input.fna.fai created. Error parsing strand (?) from GFF line: NC_009950.1	RefSeq	mRNA	67014	126532	.	?	.	ID=rna-LopeCp2;Parent=gene-LopeCp2;Dbxref=GeneID:5696609;exception=trans-splicing;gbkey=mRNA;gene=rps12;locus_tag=LopeCp2"
66874bdcc90f03b868cc06474cae7972	2026-03-03 17:40:52	"FASTA index file /tmp/tmp.ZzigQRdUX0/input.fna.fai created. Error parsing strand (?) from GFF line: NC_021091.1	RefSeq	mRNA	70068	137187	.	?	.	ID=rna-L076_pgp039;Parent=gene-L076_pgp039;Dbxref=GeneID:15382679;exception=trans-splicing;gbkey=mRNA;gene=rps12;locus_tag=L076_pgp039"
e46f0b7b8a8e6b84a0ce10fd3154815d	2026-03-03 17:42:45	"FASTA index file /tmp/tmp.EvOqq1EPzs/input.fna.fai created. Error parsing strand (?) from GFF line: NC_020019.1	RefSeq	mRNA	72233	143586	.	?	.	ID=rna-G289_pgp045;Parent=gene-G289_pgp045;Dbxref=GeneID:14412449;exception=trans-splicing;gbkey=mRNA;gene=rps12;locus_tag=G289_pgp045"
c750b890c6b56eb54e22e4f3f0fe3493	2026-03-03 17:36:47	"FASTA index file /tmp/tmp.7PNgt0tg7s/input.fna.fai created. Error parsing strand (?) from GFF line: NC_025339.1	RefSeq	mRNA	77271	149479	.	?	.	ID=rna-N623_p040;Parent=gene-N623_p040;Dbxref=GeneID:10743906;exception=trans-splicing;gbkey=mRNA;gene=rps12;locus_tag=N623_p040"
